{
    "WindowSize": [800, 450],

    "Source": {
        "Position": [0, 144.92, 0, "m"],
        "Shape": "Parallel",
        "Beam": [
            {
                "Energy": 33,
                "Unit": "keV",
                "PhotonCount": 97
            },
            {
                "Energy": 66,
                "Unit": "keV",
                "PhotonCount": 2
            },
            {
                "Energy": 99,
                "Unit": "keV",
                "PhotonCount": 1
            }
        ],
        "LSF": [
            8.203474732490243036e-04,
            9.087262666834732645e-04,
            1.012179399796196136e-03,
            1.134336170442695009e-03,
            1.279986045988656560e-03,
            1.455553156855836751e-03,
            1.669813197945784356e-03,
            1.935005001632622481e-03,
            2.268605437227503695e-03,
            2.696260297060668401e-03,
            3.256815473648546309e-03,
            4.011353578241549749e-03,
            5.060317493131046354e-03,
            6.578110768911182848e-03,
            8.888714509299863384e-03,
            1.264787432370936306e-02,
            1.933985215440909081e-02,
            3.286414524979164309e-02,
            6.566228214692469700e-02,
            1.636625551819593516e-01,
            3.256943333461823631e-01,
            1.636625551819593516e-01,
            6.566228214692469700e-02,
            3.286414524979164309e-02,
            1.933985215440909081e-02,
            1.264787432370936306e-02,
            8.888714509299863384e-03,
            6.578110768911182848e-03,
            5.060317493131046354e-03,
            4.011353578241549749e-03,
            3.256815473648546309e-03,
            2.696260297060668401e-03,
            2.268605437227503695e-03,
            1.935005001632622481e-03,
            1.669813197945784356e-03,
            1.455553156855836751e-03,
            1.279986045988656560e-03,
            1.134336170442695009e-03,
            1.012179399796196136e-03,
            9.087262666834732645e-04,
            8.203474732490243036e-04
        ]
    },

    "Detector": {
        "Position": [0, -0.08, 0, "m"],
        "UpVector": [0, 0, 1],
        "NumberOfPixels": [1024, 3],
        "Spacing": [1.9, 1.9, "um"]
    },

    "Samples": [
        {
            "Label": "matrix",
            "Path": "input_data/fibres/final_Ti90Al6V4_matrix.stl",
            "Unit": "mm",
            "Material": ["Mixture", "Ti90Al6V4"],
            "Density": 4.42,
            "Transform": [
                ["Rotation", -90, 1, 0, 0],
                ["Rotation", -90, 0, 1, 0]
            ]
        },
        {
            "Label": "fibres",
            "Path": "input_data/fibres/final_SiC_fibres.stl",
            "Unit": "mm",
            "Material": ["Compound", "SiC"],
            "Density": 3.2,
            "Transform": [
                ["Rotation", -90, 1, 0, 0],
                ["Rotation", -90, 0, 1, 0]
            ]
        },
        {
            "Label": "cores",
            "Path": "input_data/fibres/final_W_cores.stl",
            "Unit": "mm",
            "Material": ["Element", "Pb"],
            "Transform": [
                ["Rotation", -90, 1, 0, 0],
                ["Rotation", -90, 0, 1, 0]
            ]
        }
    ]
}
